block_number,timestamp,transaction_hash,from_address,to_address,value_wei
19420100,2024-03-01T09:15:00+00:00,0xa16362a761a38e4046c3be18b1b85b28b218e498be0dad965601a937f237041c,0x2c937e3b0ea4198303d85ae11e4ac5fe3181c990,0x51c72848c68a965f66fa7a88855f9f7784502a7f,0
19421371,2024-03-01T14:40:17+00:00,0x5aa30ef5966e36f0c331791fd0391997e7fbfc4d50f04e4a90b2d9eb4359e3f9,0xc83b29f780143fcbc44737e6ea9ff43ae39b917c,0x51c72848c68a965f66fa7a88855f9f7784502a7f,0
19422642,2024-03-01T20:05:34+00:00,0x1aa591c62146b7ffa86c4ced6c8f1f0f60a00242a0faac401e8aaa788edae6ca,0xeaa9ebddd373c4bd8bb92dfcc9c7e7fcdb268e51,0x51c72848c68a965f66fa7a88855f9f7784502a7f,0
19423913,2024-03-02T01:30:51+00:00,0x6b1c10f72ab361fdcd0f8f0a0a8be5b26e4c4e8e565f80968f7cfea22c55d24b,0x05cd9660d3ff4d4de8ddfb139819595795a5e01f,0x51c72848c68a965f66fa7a88855f9f7784502a7f,0
19425184,2024-03-02T06:56:09+00:00,0xed97f2cffd5798d3b225ce7184b962113839ef72e7c22c572b2a0b6f33fc3e54,0x15692b56fc6fe3ca4c57371bd8a951cc700965f5,0x93c30e6e09f698cfea99b09b5166ed90cfaedd17,0
19426455,2024-03-02T12:21:26+00:00,0xd15f69b731babf8bbca134dbcce1019216eecdf806bcdb1f433b4016ed82e47d,0x8ec5fb1daad8041d419be7695bc47e26067c3778,0x51c72848c68a965f66fa7a88855f9f7784502a7f,0
19427726,2024-03-02T17:46:43+00:00,0xc198c30dbd135e8792bfaaec1e7441a1738a043277cf104051c036515c6587bf,0xadab9c78e6ffb65b4e4827fe83aba9d84260b2e5,0x93c30e6e09f698cfea99b09b5166ed90cfaedd17,0
19428990,2024-03-02T23:12:01+00:00,0xc5857806836cc92d42865af00dc68433c6421df3d7366e9ab8762e98b6472499,0xb36ce3f521a1ff4b0cffb82ddd71f0a51fcf56ce,0x51c72848c68a965f66fa7a88855f9f7784502a7f,0
19430261,2024-03-03T04:37:18+00:00,0x4cba2d6e4f3cccbc94604d7d87f65c9532acd45a67d879fb6a3953f115bc8cf1,0x9eb9e9b2ba5c2665a16beaa8e137410358b6beaf,0x51c72848c68a965f66fa7a88855f9f7784502a7f,0
19431532,2024-03-03T10:02:35+00:00,0x27148e5c91f64a77f82b725237a7fe2d6ac6592e0fc990d9aff956dea931d85f,0x9a37432524ee22826f8e05d4c1d70d9a4086f744,0x93c30e6e09f698cfea99b09b5166ed90cfaedd17,0
19432803,2024-03-03T15:27:53+00:00,0x7d376abace8a2636903af777d1bb79c36f6e11637e52f80214760d396242bcb0,0xd980bf20b072669f876e79728ceb9cbdf57c81c3,0x93c30e6e09f698cfea99b09b5166ed90cfaedd17,0
19434074,2024-03-03T20:53:10+00:00,0xb3a25f6ea2d4091eb5ea5fce12a443415de767e562eaf52feb870595c823f20d,0x6d8003b5479e3cc8d0bbb7496679588f254d0878,0x51c72848c68a965f66fa7a88855f9f7784502a7f,0
19435345,2024-03-04T02:18:27+00:00,0x14d31c0985db43c9aac66653db8951e72aabfaf7cfe008c1f2feecce76a8e573,0x7049a18279500a25864c509137d7de4ff0048957,0x93c30e6e09f698cfea99b09b5166ed90cfaedd17,0
19436616,2024-03-04T07:43:44+00:00,0x4152447709c0ca0c696439cf6f933ef0102ac609b6fd674ef8cd9dc2ed690e94,0x867bdc57d1b071fe5a9f670dd70b91e4269814d3,0x51c72848c68a965f66fa7a88855f9f7784502a7f,0
19437880,2024-03-04T13:09:02+00:00,0x5b0600feb2847b87f4ef6794060da7be4e52474ae4de3811d3bad6f97c6887e6,0x242428ad6d9a47f25728aa95ddd2c800eb5a9e55,0x93c30e6e09f698cfea99b09b5166ed90cfaedd17,0
19439151,2024-03-04T18:34:19+00:00,0x1d36d5abdeb0b020d09370bc12489b8db112885c8167903188513609f6ce8e9d,0x82c74a84520dc27771e8bef42eacd43087b13c9a,0x93c30e6e09f698cfea99b09b5166ed90cfaedd17,0
19440422,2024-03-04T23:59:36+00:00,0x464cd4761b4aa6ff775eb61004ac651f588670c6129cc447f2740f0ad0a1899d,0xb34ca396ce846cdc879455f2191cb1ea573e0a0d,0x93c30e6e09f698cfea99b09b5166ed90cfaedd17,0
19441693,2024-03-05T05:24:54+00:00,0x6cd74a688f8a94e5570371abe21480560962af4beaafafc552c2e9bad99ba8ac,0xebedc8e9ff409b23dd251f87ccbffa8075f87255,0x51c72848c68a965f66fa7a88855f9f7784502a7f,0
19442964,2024-03-05T10:50:11+00:00,0xa9dff83fdf48a1ada0c5827b57f8f6900abcdb13aac328696f16c13ca156629f,0xd12f62f407176585613dd335a0a76c4d9739a8a3,0x93c30e6e09f698cfea99b09b5166ed90cfaedd17,0
19444235,2024-03-05T15:56:28+00:00,0x9b384c39b8ec3c521295a7bd97dea6608ac8b02e5064dd87016a9c094de20c11,0xd6f4567bfa29bc70b26dccaeb07e5868905d667c,0x51c72848c68a965f66fa7a88855f9f7784502a7f,0
19445506,2024-03-05T21:21:46+00:00,0x76d8ece5df834c6d5d0bb6b65bf706853eecb997aa6f00002ee300c610450ffe,0x5fa60dd1d2809604496d3315ab6f878bd59f64d4,0x51c72848c68a965f66fa7a88855f9f7784502a7f,0
19446770,2024-03-06T02:47:03+00:00,0xf5aeea82ddcfb220992abc720dc4c69f15bb5e345c4a39ce3ac4fa471ab803f4,0xbf7a18c881e971041fcb0d57a679e8944c742edf,0x51c72848c68a965f66fa7a88855f9f7784502a7f,0
19448041,2024-03-06T08:12:20+00:00,0xb62ba5125966e478b9f0b936a0d8ae1132b164ebacfab9da36450b3f06a374b8,0x9247db53aa77d2630a8da46cc33c950176578f65,0x93c30e6e09f698cfea99b09b5166ed90cfaedd17,0
19449312,2024-03-06T13:37:38+00:00,0xf64483ebbfc0fac98bc9e96086cd6e2dfd0d4278a1bdf306fd1d6b7503d96f88,0x51301f41c8f83fbdffaeee11f846e9c114fb8046,0x51c72848c68a965f66fa7a88855f9f7784502a7f,0
19450583,2024-03-06T19:02:55+00:00,0xe48ce26ce65482ec4687c204d3b1bb4c6520d020a40a6ffe3adaf185f030b143,0x8f8b72da75cdcf6931563f6d6832fd65bf5186d7,0x93c30e6e09f698cfea99b09b5166ed90cfaedd17,0
19451854,2024-03-07T00:28:12+00:00,0x63f78da7ab17f8bb09a233c1f41180f8c22226e8838b715493e0cf16b293a5cc,0xc8df1a5953aa7f62a35ff1501e0c10eb3c33ebfe,0x51c72848c68a965f66fa7a88855f9f7784502a7f,0
19453125,2024-03-07T05:53:29+00:00,0x09524ea388454ba12717370ba7d8fadfd1e8b8f2fb4b1a66445b254848b6ec12,0x26f0670c3bdf8628032a69bec4cdaf322685da01,0x93c30e6e09f698cfea99b09b5166ed90cfaedd17,0
19454396,2024-03-07T11:18:47+00:00,0xdde79b9504510f615284b04f3d1c40a8d5b71971eba06cf8f7f210af9b4dedd6,0xf9dd6fc91f26ade2050a89f324de5d64de2ad99a,0x51c72848c68a965f66fa7a88855f9f7784502a7f,0
19455660,2024-03-07T16:44:04+00:00,0x9ace1b524107e684a5f5870abc9b0dc3e57c5e14258d09b20e1a47a8b4bf7544,0xd5a809d6dbee62a34cf4106080c6e04b8d9ce285,0x51c72848c68a965f66fa7a88855f9f7784502a7f,0
19456931,2024-03-07T22:09:21+00:00,0xd43d089794005566483e5984db14f312e0aab9bdad08a3176a20fb67a455d645,0xf0361b42b5b28d31f7c407f792c343b86e4983fe,0x51c72848c68a965f66fa7a88855f9f7784502a7f,0
19458202,2024-03-08T03:34:39+00:00,0x3b5a47b86cd6e2142ce1675a237ad69ac41433b07a49d2d972809ca7ccda08f7,0xbc60577bd7e2119d7750b353a84682d780087272,0x93c30e6e09f698cfea99b09b5166ed90cfaedd17,0
19459473,2024-03-08T08:59:56+00:00,0x2fe0f7cf022e542137fc3e5609f047316c78ada9c36a80c60ea1b0621b07fe36,0x2bb33026ff3f7ab84cecb0e0a470ac710dd28ce2,0x51c72848c68a965f66fa7a88855f9f7784502a7f,0
19460744,2024-03-08T14:25:13+00:00,0xf38f42bce8cf55b58e005729fa763e8b60ef5fb7e546e1b260ba2746377b9913,0x69b21fd99cc86e72abf47210f22d92e587809f5f,0x93c30e6e09f698cfea99b09b5166ed90cfaedd17,0
19462015,2024-03-08T19:50:31+00:00,0xcab8795fa1cf4c7e0392d7eaf709e5ab4986b83107dc79e3e450cc1d65b0c529,0x45923a43492d0deb458cb97c4ca8b7ccb0a20c71,0x93c30e6e09f698cfea99b09b5166ed90cfaedd17,0
19463286,2024-03-09T01:15:48+00:00,0xe4027c7834a3c6ecd236daead044e35f066c73fb10be5337b4a880035dd908a1,0xe92ea8f400cb9bd368bd1185c9fc5e2664770341,0x51c72848c68a965f66fa7a88855f9f7784502a7f,0
19464550,2024-03-09T06:41:05+00:00,0x7d91137da3f551e5e7767bb91cd382392f0a562cfd68c1d3b4923a999b077f86,0x96ba5cef8ba7083212bf23916a4aaa6426a18e1d,0x93c30e6e09f698cfea99b09b5166ed90cfaedd17,0
19465821,2024-03-09T12:06:23+00:00,0x49a9ca123310203362eb698ff3a956c9a027aaf3feaff3d19fbcd23ef57f277e,0x3b98b9e9cb75c1cb1729aab8f09ced2936505e4f,0x1dfc6bec8499fcb5e3151c7c6d27feb9d7eae1d4,0
19467092,2024-03-09T17:31:40+00:00,0x3bfcf64ef6f140ae7b24d1a8708267e936607bfeddc9924d003b653939a60abd,0x27fc6a2fd09e3d9753b4ddcf528b4b5a7075b143,0xdac17f958d2ee523a2206206994597c13d831ec7,0
19468363,2024-03-09T22:37:57+00:00,0xc55f9288132b5ae89a372c277d80a4895415492ef4c6a097bbbfa60d2b25023c,0x27fc6a2fd09e3d9753b4ddcf528b4b5a7075b143,0xdac17f958d2ee523a2206206994597c13d831ec7,0
19469634,2024-03-10T04:03:14+00:00,0xb1b61c39c655074e2d216d7ff3d9505c1a7c2e4f8cb7ed4accc48452913b6ad1,0x27fc6a2fd09e3d9753b4ddcf528b4b5a7075b143,0xdac17f958d2ee523a2206206994597c13d831ec7,0
19470905,2024-03-10T09:28:32+00:00,0x57b84f983c498f935465fa450df0654693f1f149742d5075948ef71716820f7f,0x27fc6a2fd09e3d9753b4ddcf528b4b5a7075b143,0xdac17f958d2ee523a2206206994597c13d831ec7,0
19472176,2024-03-10T14:53:49+00:00,0x628e26cb2f77e3e0c8761150574c1a098dec9f6ad438ce53a65b71c9dd9e33d6,0x27fc6a2fd09e3d9753b4ddcf528b4b5a7075b143,0xdac17f958d2ee523a2206206994597c13d831ec7,0
19473440,2024-03-10T20:19:06+00:00,0xdc14d0b9df0882c54bec4e78129418c950e2e202bc4c43078ba626d2974b5687,0x27fc6a2fd09e3d9753b4ddcf528b4b5a7075b143,0xdac17f958d2ee523a2206206994597c13d831ec7,0
19474711,2024-03-11T01:44:24+00:00,0xc85c35df6bd28f7984d4775e129099e0e01ee294c60385a362f77ad1b6e536c3,0xbaa67174531f0c031f91a373f6788c7e821af2c5,0xa0b86991c6218b36c1d19d4a2e9eb0ce3606eb48,0
19475982,2024-03-11T07:09:41+00:00,0x265cd87675cd54b1e7c71883c7bdc2ed71988e8e9471ef977e26695f2c746d3e,0x0915ae5d87e13ebf82940e855375513b5d0303fc,0xdac17f958d2ee523a2206206994597c13d831ec7,0
19477253,2024-03-11T12:34:58+00:00,0xa70e03a34d0ba08bbdb27fec456fcf2c53113d09dd39475f0d0b822f182c7c43,0x0915ae5d87e13ebf82940e855375513b5d0303fc,0x0439e60f02a8900a951603950d8d4527f400c3f1,0
19478524,2024-03-11T18:00:16+00:00,0x8f496928a41956708ed2ad736a98dae80a66a99993275d15fad094b3bb4da7de,0xec103c6e7e3a674eebc580797fea1b4f9258b915,0xd78d32f2771c394e0c6e3888102d6ac1cfd94b5f,0
19479795,2024-03-11T23:25:33+00:00,0x01813a7a34ce388676d6a8650d249a21283a88807fee1e5250450b8bbe5d8a99,0x6928f3e126dbac9923d52300fdef714b280b305c,0x89f813642fa91dd06005c91539975ef4ece68e23,536557615587500
19481066,2024-03-12T04:50:50+00:00,0x721f6ec4e96a127f22478c4fb953f7fdfc2437f0cf4e10c955ada8216e7fd540,0xa2cc768895e547a0be07074113710293c3590d52,0xdac17f958d2ee523a2206206994597c13d831ec7,0
19482330,2024-03-12T10:16:08+00:00,0xe698ae032e6faf4e5481fc8f951e98d8ab15e2677e15cb1679b99afea22accf0,0xd77895ace83943f1b20bc74b0034bb16e71323aa,0x249ca82617ec3dfb2589c4c17ab7ec9765350a18,0
19483601,2024-03-12T15:41:25+00:00,0xf4d22fbe1740749f43f3550f6d72b429c1463061e30868f6df45b517fa563595,0x5e7f3bed48bc82f465f145bb4369d4586e98a674,0xa0b86991c6218b36c1d19d4a2e9eb0ce3606eb48,0
19484872,2024-03-12T21:06:42+00:00,0x68399936177f5279a5cac6ec1374b1ce1d303f34ddf196b66536d04a44fffee3,0xbe7be7023902f09cc28f0101a3e6e313bf2bc626,0xd533a949740bb3306d119cc777fa900ba034cd52,0
19486143,2024-03-13T02:31:59+00:00,0x8c1ad857dfb4ce243b2a22241e369de6a6b36b08b58d24ed09bf06cff8cf9a08,0x76eeb4c8b149738a9b198d866c80e8087a0a4f17,0x3be1adfc4eddb706dd97b7d13ca17dc32b6ab1f9,82810985817000
19487414,2024-03-13T07:57:17+00:00,0x5c6e97216b9279902691fb092287eb02aef67ec9e79a601c2c491b3a6dbc2c08,0xb221095b3a6c8ee17b50af4118efbce2a9362525,0x0abbc482fbd91dbf413e3d6cc5622e03552ac13a,11217084789281255
19488685,2024-03-13T13:22:34+00:00,0x40f4bd65f15eabfd2dc9c7aea6df6654cc7bd13cc271a297b66c56fe6f4344cc,0x8407f4e136ea46159c7ac181dbb5bb2194d97e78,0x47168df3c60759baac5054fdc034003f010062b4,16806032377779244
19489956,2024-03-13T18:47:51+00:00,0x8ba78d1f3ba49102462f2f67161768a8aade02146bbe1fd6614a18f608bc5822,0x22dde1ca1d1347c9d9953631c3f974b95e515818,0xdb9b1e94b5b69df7e401ddbede43491141047db3,0
19491220,2024-03-14T00:13:09+00:00,0xd9f3fb839b1973a457dc4268c24fa4c1a80d5b26f95d485466bf9a99c35dd037,0x6fa20eb1450380b21e0e4b8f7ae4883a308e19eb,0x0668c9bf6a6936b9eb5a19f61c663070beff2f9b,115868112900726625
19492491,2024-03-14T05:19:26+00:00,0x20ecfbb85f152e8160e97bdb064845cee386b85f4539fa504bd7b281cd6ff40c,0x91604f590d66ace8975eed6bd16cf55647d1c499,0x7677ab8c93afc53631ac3b1c3994f3a8cff5f041,337189049196999
19493762,2024-03-14T10:44:43+00:00,0x74f0c53c5f5abc7da12bc1bcecfb9ca092c90f61f0999cd34d9e00c049e3ad27,0x91604f590d66ace8975eed6bd16cf55647d1c499,0x0b677a08fe9e279766abb97ed1c2c8505c3b2e97,310396907820999
19495033,2024-03-14T16:10:01+00:00,0x3e2e8c99fded5c31e17bfaf9b75708748f3c82bda54a1bfbcab671a726997b27,0x082d2397c5e3c5300d31f52bd056169882b8ba1c,0xdac17f958d2ee523a2206206994597c13d831ec7,0
19496304,2024-03-14T21:35:18+00:00,0xa3dbb19615c67097a880fd8776d3c8e92a038c28ffd75697af7e70e7437dc42b,0x0d0707963952f2fba59dd06f2b425ace40b492fe,0xdac17f958d2ee523a2206206994597c13d831ec7,0
19497575,2024-03-15T03:00:35+00:00,0x9a9fa70ca3f2a309eb0c35a66c1f5c04cd27ad7449baa0c43ab468daf2d9cc37,0x0e8060fe0ecaae74ef7cb743398d9d5cd954cbbb,0x5cce56e01567aa524bf54da1a409eac98446a2b2,0
19498846,2024-03-15T08:25:53+00:00,0x4b8944dc216c70f4bcbfcbcb8e63a5edd550d08bf1129dd76b31fcb42b780c24,0x8fbaaf661b728b360e39a217a7b14c968bd8198d,0xd47a1bdc6872ad2fd16e50149baa9924c653e624,25769336524390000
19500110,2024-03-15T13:51:10+00:00,0xb46b1218cf940921f4d104659fb9500ab8f880f6d1823bb7f1878878d0dfa6dd,0xd8bf5ceaae0876adef2cd3034990f6ce48fbfb85,0xdac17f958d2ee523a2206206994597c13d831ec7,0
19501381,2024-03-15T19:16:27+00:00,0x1e498f0588357a8938ed19685ebc79398c6a6cda2549075f5c584e7440af2ccd,0xb43c1981d57161dcb077ee4bcbb2d376b577a857,0x5f7827fdeb7c20b443265fc2f40845b715385ff2,0
19502652,2024-03-16T00:41:44+00:00,0x9dd79d06ac0abcb9b81b8fe867cfddbb462c96acb583f0a898be8500fc523446,0x808da13eff464e9f831a6da064ab57fc0f31ac1d,0x27299b3ab693c7842eeed03342ef5000678f1b44,33336033000000000
19503923,2024-03-16T06:07:02+00:00,0xab9f8bdb77f25e93ea51cd1bb323aefcc74605fbe2c68bd1130e75dcb741bfd2,0xa7a5c7602bd8a0b156980b9c41efa781e1af208f,0x3845badade8e6dff049820680d1f14bd3903a5d0,0
19505194,2024-03-16T11:32:19+00:00,0x18519a31178ba546b25fbc10a1cd0d139578c3c2832ef3220ad4ae195b2a2c37,0x7f604d597c15b2e2f60dc645844f68b1d781b752,0xdac17f958d2ee523a2206206994597c13d831ec7,0
19506465,2024-03-16T16:57:36+00:00,0xe09d9ecaae24b9e4fe30aae2611298f227e7b9bc316b5c3ec78d63f1b50c5f5e,0x64cdaa89629fe003eaa31b480d8b63372d109a53,0xdac17f958d2ee523a2206206994597c13d831ec7,0
19507736,2024-03-16T22:22:54+00:00,0x9818ffd1aabb7161fb0be98cef6e4396a5cb683c35e5aac0664a5df4ed14e4ff,0x9b8fd5b9a63ded3acc6a958c268b0d6fa1f2f7f7,0x29976f43656b4e8e5feea4241e53efa8d4bff0e0,13737562551150
19509000,2024-03-17T03:48:11+00:00,0xa767a541c06f43c0a8fb7b532663cdad80d5968b7203ff5fbc61f2f7780800ea,0x97a95ae4a17f1dc8c059f76617115ef68f959d2d,0x44ff8620b8ca30902395a7bd3f2407e1a091bf73,0
19510271,2024-03-17T09:13:28+00:00,0xeae332b91587c5186f95643d3d5b28c77a40c03680a0ad6a0391f464101cd957,0x74adfad893eb9af23305f03d491ddd679b43438d,0xdac17f958d2ee523a2206206994597c13d831ec7,0
19511542,2024-03-17T14:38:46+00:00,0xcb8cd37186edc4148403131d79c309e2f817632d27e13bdd7190eeb7b6dbb5ef,0x5265cab18239ee11017e8bc4ba1873981f7c7808,0xdac17f958d2ee523a2206206994597c13d831ec7,0
19512813,2024-03-17T20:04:03+00:00,0x87cd3147c291ddfc0ac43dd31208a4a9a4119b9c07e6bb23b93685a4733fde73,0x3ea218e900bffc0e2586025fef787e190cb53e99,0xdac17f958d2ee523a2206206994597c13d831ec7,0
19514084,2024-03-18T01:29:20+00:00,0x38a3019fc07ea979185ce1740f3bfe621f3997055f9060a277a2f795f6e49816,0x9a03eac919992f66c392d59fa833a310cfde69f1,0xd57c8ec32ba089360aaee2793b166f77fd85428f,0
19515355,2024-03-18T06:54:38+00:00,0x8986ba8f46e0be3bbf533d0955341e8234fb2f4052f3c30033512ca7c1f3a67a,0x0178d0b069a4b7fc1e5a1d743cbe26f87326f1bf,0xdac17f958d2ee523a2206206994597c13d831ec7,0
19516626,2024-03-18T12:00:55+00:00,0x959f5fe6af19bd9366c3e855ec4422694f1cb008a7418d65a3ac18e086322915,0x717b543081bdfb87785f39052ef2733f63ce860e,0xa0b86991c6218b36c1d19d4a2e9eb0ce3606eb48,0
19517890,2024-03-18T17:26:12+00:00,0xd139c7ec83f18e6ae2914add58a0d63c06c0aef0a6e6f85aab008d59a9ff3fb4,0x4ae8436ad2f4e2e0f7dabe57d990b600bda8f79d,0x69460570c93f9de5e2edbc3052bf10125f0ca22d,0
19519161,2024-03-18T22:51:29+00:00,0xcf9c1f21f2f24d057bd671fe5eea57ea0f909af6d6ba7955612cf07bdf66cf42,0x14739760ca87a0d3411c1ec30d668c4becb408d9,0xdac17f958d2ee523a2206206994597c13d831ec7,0
19520432,2024-03-19T04:16:47+00:00,0xa47986354725318cc8d045afe74de8bd58dad2fb0cbeea9a6dc1445d43e906a0,0x6b6e0d494a26953f53f164bf1ac88d4ba8804924,0xa0b86991c6218b36c1d19d4a2e9eb0ce3606eb48,0
19521703,2024-03-19T09:42:04+00:00,0x1d11cc6c93743487b0f8c4c0090a6fbfe55bacee9eb14422ef2a033739209317,0xb0e075c7b12da5bdc900368381c4d112e87b090b,0x68b3465833fb72a70ecdf485e0e4c7bd8665fc45,0
19522974,2024-03-19T15:07:21+00:00,0xcade9ae78437a6ff59b14f2ac04995dfd61355eb4ff4152c532a33884f260986,0x300773969b499b9768267e0c5a049f7751de79e7,0x34f5ad4be6054bc29fb28e24d85f1da666d17458,136990000000000
19524245,2024-03-19T20:32:39+00:00,0x409b5b5574d96e932b9f7f3671b2d949678a68b3a8160267672cb2a9fbda6014,0x95c721f8a671b0a3a4a6b08e61be4ca308f859d5,0x08ec0883dec73e786ccf01461e4e543e23a731a7,0
19525516,2024-03-20T01:57:56+00:00,0xdfcb7b5742ecd5eadb6e33a9086d12fc7f5695ca354111a5a43c1f5ddf77de22,0x1412ed3243ec367490d477215a9f2e6eaac615ce,0xccc88a9d1b4ed6b0eaba998850414b24f1c315be,0
19526780,2024-03-20T07:23:13+00:00,0xe821ceea2a1d0df0bb6db8326ade662bad00198cdb2ae15e868535e84971f4db,0xdc5aac9cf652cd97823337abb24180308a45a1c5,,0
19528051,2024-03-20T12:48:31+00:00,0x4689bf097ef0192a208b804b02a3bb4aea0974dc6c2de99e1e50f7050a428203,0xd8d051962a98f10430f976580159769226dcb387,0xa0b86991c6218b36c1d19d4a2e9eb0ce3606eb48,0
19529322,2024-03-20T18:13:48+00:00,0xa2c74f83fc3a1c19ddfcb93bb86bd24fef8bc3068f71cd9e636b45055e9144da,0x5ed7a5eae04a23d4e43c080b946d21abb1012472,0x1215a018c7bfa3402d9bdd65ff090c4d3a963a33,24736963620172169
19530593,2024-03-20T23:39:05+00:00,0x2203ba55e63cc88df73dea897999f9cbd8c10e798a18f9409492ac767a0aa649,0x8e466cdd9508103c12731e9243e2926a829033c9,0x3a362a1966ff5aab35298e1565bda2c9fb124e41,0
19531864,2024-03-21T05:04:23+00:00,0x8a8c1409894cff21c3edb4896871e9bfaa9ad25743f913640f44c1a46ac7e1bc,0x67d0f07f6caecced3df466ad4c85f2332eab45a3,0xa0b86991c6218b36c1d19d4a2e9eb0ce3606eb48,0
19533135,2024-03-21T10:29:40+00:00,0xa25c6c5ad4f61135f02eda7234b49d25053eb063d6f2276e5950842c9dcacd01,0x1e50fc973b9c068f39a388380836b1ebb1c1333a,0xdac17f958d2ee523a2206206994597c13d831ec7,0
19534406,2024-03-21T15:54:57+00:00,0x07187458683b0ec131bd35b97583cd6121ec0727697b1261d19f192f03196d38,0x12dc1eca5de1aa85852ac2944209e117de8bd4a0,0xdac17f958d2ee523a2206206994597c13d831ec7,0
19535670,2024-03-21T21:20:14+00:00,0x9057aedb1bac8ad40aceca34512ef1c35bfc846574dc5c12ebcd8e5af5f07537,0x9df7eb76dcafa1dc159dfca213dd408112590cfb,0xdac17f958d2ee523a2206206994597c13d831ec7,0
19536941,2024-03-22T02:45:32+00:00,0x19cc4f2d474987914b4b3b337954f809c8bea6468d638cf66be21fdba92a8328,0x2e164229ceb7fa6a7e28c3cc169d3c672f6105e3,0xdac17f958d2ee523a2206206994597c13d831ec7,0
19538212,2024-03-22T08:10:49+00:00,0x419da05305585ec85048a7b86757dcae06843d9beb8bb29eacab81e41715b802,0x7329e407bdbdb44aa0c79579d7abe18f1faa361e,0xdac17f958d2ee523a2206206994597c13d831ec7,0
19539483,2024-03-22T13:36:06+00:00,0x2e0304a7f0b54d32f03a7dfbf4dc3bacd7108b6f3fd1c080085547de2516312e,0x87d8cf91b92912c00a4ae6ef15ced306c26aba80,0xa0b86991c6218b36c1d19d4a2e9eb0ce3606eb48,0
19540754,2024-03-22T18:42:24+00:00,0x1056a72a80ea2d6e17779fc9c15cab574274f36d575fdbd538faebc3fe3ce555,0xc7e6f919e859f5eee611d58bc446eaffb58f1c00,0xa0b86991c6218b36c1d19d4a2e9eb0ce3606eb48,0
19542025,2024-03-23T00:07:41+00:00,0xe6654defb20cd52c62f1c5f2cf65d52f87eaabec8cc88061c05ec966a955fdc1,0x60d6e74cbf6c432e8e1980f1495e6413c34d0cc2,0xa0b86991c6218b36c1d19d4a2e9eb0ce3606eb48,0
19543296,2024-03-23T05:32:58+00:00,0xd741946d2e9615c3ac312ea2a93f3c68c8e8d6d658f181cfc3f2c128944b1ce9,0xafe716b794fdf81529838e737a3e05df2d6be4f6,0xa3f181577512417b8ef636966a5472e44bf44446,500000000000000
19544560,2024-03-23T10:58:16+00:00,0x32e6199205122cf96eff028e094b46d05bbd302c57d827fef8b260acfe9f8a9a,0xe011ed566c783c2d6cd96bffff4b25ebaf2d23f8,0xa0b86991c6218b36c1d19d4a2e9eb0ce3606eb48,0
19545831,2024-03-23T16:23:33+00:00,0xe585727c435ad7ca66f3c2495e16e816e12b2c0a9ddf8f326e799745d075bd78,0x5d4099e7821655b7bff3b738fc72c4c8cb89b44e,0xa0b86991c6218b36c1d19d4a2e9eb0ce3606eb48,0
19547102,2024-03-23T21:48:50+00:00,0xf44a5c7a2a1977a16c91fd8199086bca0fc323964267155705961e71627092e1,0x3acd3f4c6e0431490b75e38759a7fe13eb564f03,0xa0b86991c6218b36c1d19d4a2e9eb0ce3606eb48,0
19548373,2024-03-24T03:14:08+00:00,0x5f9521e58f061bf645e56bfee73f17e2f716c292aed958a85e6320db3456ab91,0xc8bf2fae39a9428b231f314e0ccf78dc2bed9cbf,0x8a05546645ac44e7e05aaf846e2be9d4528ac851,2962984541862
19549644,2024-03-24T08:39:25+00:00,0x110c0d213ac7402b15787c2d4bae0415c158aa53c7ae6669b65722d0ed2746b6,0x04c7b4e2db71b2abffe4f2131cf2754533cf32da,0xcccccccccc33d538dbc2ee4feab0a7a1ff4e8a94,0
19550915,2024-03-24T14:04:42+00:00,0xcaff3e9e58fcfb47478821efe3f126a9a9b82bc9647a116ecaa2b50f559a8b36,0x8085bff1f4f1c802d6a627b636899ffc00237f53,0xdac17f958d2ee523a2206206994597c13d831ec7,0
19552186,2024-03-24T19:29:59+00:00,0x996ce41d224b69f8c4bf82a3b7242407a6c9d8cd3e678a543054f6759b636913,0x502a75a9f1c6948ce7134e46247a0c7cdf5d65c7,0xdac17f958d2ee523a2206206994597c13d831ec7,0
19553450,2024-03-25T00:55:17+00:00,0x9923fd8b15ec2f9a31c74241dead796426636b03250f00b50bf434e564aacb63,0xb9dae171432a8fcb8b480537a5df5334468c1fa4,0xa0b86991c6218b36c1d19d4a2e9eb0ce3606eb48,0
19554721,2024-03-25T06:20:34+00:00,0x719cb160e61a4488df74eeaaa5303ad6a35e424115e4a9172a5c797fc0d473a1,0xd505548e8d7b10bdbfd1247ba5554468701cce80,0xdac17f958d2ee523a2206206994597c13d831ec7,0
19555992,2024-03-25T11:45:51+00:00,0x86d5c1d5accd610e12ea7756cb6edc2c748b841fb2ae2b1daed87b1ec2e4b9fd,0x5cc5e6ae1b219b1f27bbe34961df53a0dd49b04f,0xa0b86991c6218b36c1d19d4a2e9eb0ce3606eb48,0
19557263,2024-03-25T17:11:09+00:00,0x14cee9a94ddabec6c08ee20fe7a2a0185ff6100a0959c4f29366ba4b6f6d5868,0xbc4498bb62ac6fc58f1776e03f7272af1e0c2dd1,0xdac17f958d2ee523a2206206994597c13d831ec7,0
19558534,2024-03-25T22:36:26+00:00,0x33978db640c8843bdf45c0af1919f63dc3ea13df992b9ca837be3da463335267,0x3a1ec84c16a1ff604f0d97e1004068e3814b1586,0xd01d3eeaf936045dbfde33ef7a75b195246d4053,0
19559805,2024-03-26T04:01:43+00:00,0xf0df95db0f621736ff6f76de2c5b1d71e48e9ad48d923b6a837c73f835ee61f4,0xa4a77032a580011b62d7e3c3af89224b900168c4,0x5ef2cb5cbbba2949b62c11a1f4949c799b36fdc9,0
19561076,2024-03-26T09:27:01+00:00,0xa457e883ab03fd65a065d2b82ff09968bba8d8cdf23309862d8f3d132a434ba9,0x3a1c2084bf8baac01d63e4e3b288472121fb64bd,0xdac17f958d2ee523a2206206994597c13d831ec7,0
19562340,2024-03-26T14:52:18+00:00,0x760bd0caaf2d1f1143a55dbe0f6be3ec4a159bcc4befe0d5c61ae2646d7c7894,0xc4ad8e53686bb0268083b065b0325bb585775d50,0xdac17f958d2ee523a2206206994597c13d831ec7,0
19563611,2024-03-26T20:17:35+00:00,0xd05ea6260bc7b21c2fe27f376aca4a75462e8d1f041def4578b07d761d4bb3a7,0x8316e0b17d333f4c94933b9d10802e51c68c5b3b,0x354acc917d82bde823a223ba45c1612e3320ac8f,1974417286623563
19564882,2024-03-27T01:23:53+00:00,0xe14e947557ee6d51ba1eb14c5f3c4147d8764dc50f0702c2a76a76a9efc0e58f,0x79b5e3779c6d588157c578a07815a59e4c2e112b,0x0d31d64cd9ffc347c653241e7b3378b2c6c68f62,11641000000000000
19566153,2024-03-27T06:49:10+00:00,0x6b64bc37897920c764dc84f8370cd239a2948619813efaa54be7ab5c1ece0e4f,0xc9bf7eb457a3c4829ccd929a95d105b34f286130,0xab03027ea1658b9dd7bbb58c668bdd6da18b08a5,363879486977916672
19567424,2024-03-27T12:14:27+00:00,0x28fd9a207a5c455484fb21d486cd6128390dd5695d2530c49bcb29e7cf28a435,0x6461b85005594dc6ecd992e2c375e97ad8d6c8d0,0xdac17f958d2ee523a2206206994597c13d831ec7,0
19568695,2024-03-27T17:39:44+00:00,0x145332fd9732cd45dd48341807cc8f1bfbe771dcf0e7810a07d59b189756904e,0xded745806b03c4ab3bb27a4a250fa472ef5078ec,0xa0b86991c6218b36c1d19d4a2e9eb0ce3606eb48,0
19569966,2024-03-27T23:05:02+00:00,0x60aec14150af398e0e637d99c38f5b9e001fd3c4a1e23fd2654ae7d391c4427a,0x24d579f16de4db97376745a387011e0680e74772,0x827f9f24ca33e5872d4b5685a5dd7c7bc8417ba5,0
19571230,2024-03-28T04:30:19+00:00,0x0d389320f938adeaeb587bde6048c6d1f979dd683ce556583e9972eec08a8d3c,0x5c44b4cc96118fb265c098a27e2b538df978c4cb,0xddb3422497e61e13543bea06989c0789117555c5,0
19572501,2024-03-28T09:55:36+00:00,0x500c42d9520a894d5e31f2d12fa9e6b0a97de0f4140150f551e91ae325a61ecf,0x1887fa9edadeab7562b01cc3f4fa246ace2c3cdd,0xa0b86991c6218b36c1d19d4a2e9eb0ce3606eb48,0
19573772,2024-03-28T15:20:54+00:00,0xfe8292939e92babc0eda02cebec461c64ca49aaf59d3059d4cc77904764315c9,0x9b1e109727ac072d1b7d3749a7ddbe3b010cb7fe,0xc9465f00d6bdc8553c7bc12b3ae981811591b030,19067035244499092401
19575043,2024-03-28T20:46:11+00:00,0x076a97677c87b9ddabcdb12e0fcc37c19f74aff9b26b0fd878e44724f8b6f6fb,0xf25844f5d9f81e5389a211d4371207a07cfe2559,0x6b35d08789cf8ed21a9ba5ff7b8438ec4f071206,20759570000001000
19576314,2024-03-29T02:11:28+00:00,0x9065cbfe16a1d8de958f936e077dd2275e66799f47887e6a338c225514442dee,0x877cdd3a0a1193f6e8a770cb19b8dac9e3fc99e9,0x8182240d93e6d6ddd7441167049d3754a679ed21,41650492626694350
19577585,2024-03-29T07:36:46+00:00,0x7847dd6d071ce168b9797a188215a697f457908a4147a902e2320f1d9eac6bb5,0x60c8139c630c5c4f2f058cc62a0fe73674ee9237,0x00df5d56e11142964776349d50601779a28cec71,37935379786075840
19578856,2024-03-29T13:02:03+00:00,0xc28428c25a64ce7bcbbefb2a6b8e3fa86050ef243ec6aa67cd0b2aaf3baaa3b9,0xe66dcb14d2ad28fb6ca08a7bce4fb99c50925ef9,0x37c3eb978bf8a190c0656c85c0cb60fb9ab5c116,54376186531459000
19580120,2024-03-29T18:27:20+00:00,0x62bb9b27b3d81231947845086788d951e8b8dbcb1909b6c357d65d7d65e7fe55,0x0aa6f0afec98fc9efacfdc357c139457b9fe1c66,0x68f5d8b4fcd54f4170961fbd181e1b45c5536d6f,9652090316050000
19581391,2024-03-29T23:52:38+00:00,0x9f0a39134be8a1f0252227412e078c5674c4661a4f4f8f3b85ba3ccceb670cfb,0xbbf01a01d60a540d0c5326fafe797b69f863ccee,0xdbb7eb9b3d7a936c73aac6f3644f25e463bd8906,292877720972545000
19582662,2024-03-30T05:17:55+00:00,0xf49aa502769595d8321452da6076d31fd01b241fd32e02f8cee3a3fc4150ab33,0x2fc617e933a52713247ce25730f6695920b3befe,0x7e5ca071e16e7f76f3ddc940323e8ce0a15ccfd6,997401530000000000
19583933,2024-03-30T10:43:12+00:00,0xc384b084fa7498bfe0a079482bb08710002b3773c27e027b7d641bbc9fb622d1,0xa19aaf49dd9d95c49297a759b8cd35fa52ca227d,0x7a4af16e6fecf5da8518a95ce95efb61e5a3e2e6,18170670000000000
19585204,2024-03-30T16:08:29+00:00,0x20f4d72d3cae27f858875b9ca0d1dcc1460c13d10b94c4342245c6e7b9bcb063,0x8b2696d7503b7ffff6c4fe2e135290baaf7732d5,0x267da17216ae98ae813ceaedd0cf53744cd8178c,4109552091662672
19586475,2024-03-30T21:33:47+00:00,0xd6c5434bd7cfc8f6e852728c02a70ddb6b7ff51e0848f254a276d5a4dba32e9b,0xa39676ba44519cddf31c0e88266f42c9aafa0df8,0x8aa16d0f4a5c1aabb6d0ab08f978d04338f5b9bd,12349490583513430
19587746,2024-03-31T02:59:04+00:00,0xe29c25b02f333d316edf328a52dba718b23254667ab07be857b9709582845c60,0xdb45e4fd3930f6888a02b95466184f5ae0510b7e,0x7f7bf358a622a1a424ced5d34bf2922264bfea7e,6000000000000
19589010,2024-03-31T08:05:21+00:00,0x2da724d9381904b65a0b9c53582c38c07ab14cb1ca4b201455182b321f853afd,0x0465b3d0e0f38c6919a6cca023643f8416619217,0x5da795eb7d319055d768cf138ab032a94477a92f,1300000000000
19590281,2024-03-31T13:30:39+00:00,0xfa0ee772d1c4b62488e858dd24f5880ebc93a053113ad2f0cf67f797601902d2,0x386342ab721594033985c727bca57b94522dfbb2,0xfe5daaf35be419d0f4a4ba7786b868d32005a94a,2591429662000
19591552,2024-03-31T18:55:56+00:00,0xb72658f6a366c709045b52c9f7c55c786f6717690fe3437c933be718c37f5105,0x0434ed542d4450add5f57bd004b4a34d62bdbe89,0xeaccccae2e2e1bc28017be86cb7dbb6fe9c0d3f6,567000000000000000
19592823,2024-04-01T00:21:13+00:00,0x513b282c74e3c3c74b719151957e749ae2fedc7a5a79bcd73ff40a2d7c494483,0xf926c909a10bcab8c6dba3469648176d4b0131c5,0x79c38e79e203d3646d8ad4442a86060164f807fb,111727716988964938
19594094,2024-04-01T05:46:31+00:00,0xf7a428ea6c824850779d105b4e183bc2e1c8186b9959e8cd62b1059a17cdd6b5,0xdc14f5eae8b214f464dbd88cb0eb0e1c3b6ff6a1,0x5c6982694a078371b7d152217a76b37068116eb6,18420461605644430
19595365,2024-04-01T11:11:48+00:00,0xa46a6174c8937aed769414e2837335a4df13acc40c9ed212ca5a6cc5381e7837,0xe8892be9a8f11cfe4a0290ebb69cab523a864ad5,0xcdbe157cdb6fc34eeb8c16070b0f8776bbfb0f85,138502918050780000
19596636,2024-04-01T16:37:05+00:00,0x87aa9a79a95ea7ac8e638078df9ccede4d87f609acc783536ada1f4ff6a420ee,0x1ca844ce3162f63c58bf94049763e97195c623ff,0xd3ddb098a529a14d920203ed5015482c9226f9b9,0
19597900,2024-04-01T22:02:23+00:00,0xad4836268e4c14181f9b790dd7e9dfd033f779b153ca872bcfe244e22e74ada8,0x1e686f8c44d8badc3e6465ec681999c20213b8b5,0x91acc0ac79d2a94e8322b876f7729d61ac072a94,89181960000000000
19599171,2024-04-02T03:27:40+00:00,0xca08a0bf4bb2ad8c3114c9b91f7366fe7db94404f70277751e7599e00bfa732d,0x56981dd12c21fb4fbbf1138b6bd315c348d87735,0x77f2d8ff99b92e9927705b7f154cb1abfb8d91fe,3428419561939764
19600442,2024-04-02T08:52:57+00:00,0x604939b951f4d8efcb866a1a15a4ec8f0e62895cadf65d6e7a9be98d21aedbc7,0xce4bb2a4f6e479860e683a7e6c8e79e588888888,0xc5fd23f4dac64766383357794f698295a238696c,0
19601713,2024-04-02T14:18:14+00:00,0xc0a474c848089171c2b6eb28e6c02a07728edc53b2217dacd370b4256ef69be7,0xb63f7cf8bc08da1404a6efdffbf604b344cb0f23,0x10b125b417f7a258b00e5f68407c7878ff881e4d,20289000000000
19602984,2024-04-02T19:43:32+00:00,0xc76bbe1ba128b69d3753079867994b1f714e760e77331d163bd3c0a1006b1d6f,0x84ba1e4ab6101bb1a04f60493e9efdee6701b40c,0x2b591e99afe9f32eaa6214f7b7629768c40eeb39,0
19604255,2024-04-03T01:08:49+00:00,0xa3fc97d1ef626204367b4f949fa51d7cfb747d4673ba6eb5ac9d981e8449c498,0xc3a6ea4966fbba2e1fc465bfa492040a0954bb2e,0xa0b86991c6218b36c1d19d4a2e9eb0ce3606eb48,0
19605526,2024-04-03T06:34:06+00:00,0xc81b87ef17187cb09dda8c930b90cb467360060a6dc67a7fcb2f7b5ee12868ee,0x732101354af9a6e5bb40024835a748958c091ded,0x80b02e605a565ff957946be06f22f7eaa8bf0336,39353801000000000
19606790,2024-04-03T11:59:24+00:00,0x86414ea388b9ea60d7a87f264b2b6af16923f028568f14486e2d1c3e41c052a3,0x57e614c6d2da49ae31f38f33a517e6f6f15f7ed3,0xdac17f958d2ee523a2206206994597c13d831ec7,0
19608061,2024-04-03T17:24:41+00:00,0xd9bb11ee5a09b78d191afa991a9d8c06f40633a8967a1f605c86ea8c8b024df8,0xe9f96f4e99445d9289e7b3cd21bde33a1e13987a,0x079f2dd215689c89a596d139eb27a16b09fbf538,25780323075000
19609332,2024-04-03T22:49:58+00:00,0x600f8c23b871295910d5161f0b9ef64dd70c9e44a8dd7ba8b272e81c7c610d7c,0xa86fb4a766dad921c867b90a37c431aff57cc204,0x07f23103d060cc9ea68ee3348b88c8fbdd1f1680,11902441825000
19610603,2024-04-04T04:15:16+00:00,0x71adc5d9ae26f6dfab2ba0a2816ec4de43919a6721fccd50398c909c8f51fe16,0xddd97cdad93265f275d07b01112adec532810003,0x4cc8722b3e357a39fd790aa8757b8d9ed78891a8,25780323075000
19611874,2024-04-04T09:40:33+00:00,0x6cc04b33493e3b2b9eecae7ee361a8bc6f75493222684f9ae350aca189beb1ca,0x2cff890f0378a11913b6129b2e97417a2c302680,0x1c8f6ce51fe057ed1ff69b115f2f493b755ff69c,2050000000000000000
19613145,2024-04-04T14:46:50+00:00,0x6095dfedf26470217316c9c3990cda6a262b94baaaf38cbcc26c782d98109386,0x51cdb06cc747d6d49162667de46e0e9b514918fe,0xdac17f958d2ee523a2206206994597c13d831ec7,0
19614416,2024-04-04T20:12:08+00:00,0xbcb3de7f93d4705a65315c067e9ffd9c32694d20729a796ff2385979fc71bb50,0xb29c24a79dfe5067969febfb3750f7d49812baab,0xa0b86991c6218b36c1d19d4a2e9eb0ce3606eb48,0
19615680,2024-04-05T01:37:25+00:00,0xabf8ff5f06a104bfb1759ca27b7fc1ed1286aafc5541c521ec69a6b270a35766,0x81e3add2b2b6ee38558c8c5a347d4f79e7aeb98e,0x5ff137d4b0fdcd49dca30c7cf57e578a026d2789,0
19616951,2024-04-05T07:02:42+00:00,0x46e80fdf472f68328cdb07778aa222c164221b3f55dde1dd66a3ec8b9bc07fb4,0xa8132630ddad39904085693450e1e2d20750347a,0x3172f5923e3dc03535771553267a0e5e562e746d,10030364908351
19618222,2024-04-05T12:27:59+00:00,0xedffdada35e43f51efe843517c579b04b447922890b3110a4ec426a41ff1626e,0x33fc2046b56497c4644c23bf26ce06a913e70429,0x1a07cc4bd17e0118bdb54d70990d2158abad7a2d,31000000000000000000
19619493,2024-04-05T17:53:17+00:00,0xc6e20b1b8f30c51251150be758c1bf95c649debd9816cf97a70f970ee943cdde,0xc6baeaa2f674ebe2050687cdaa24a0da0504a63c,0xc2103e23924d8ef8b15af271a256ecd1347d7e98,100000000000000
19620764,2024-04-05T23:18:34+00:00,0xdc6452573dc12b2d4e12bf447bb03c5b63e8436890a2aa30294acec65bf6e436,0xbeedd84b868a3282d9d2b724f0acbde280678888,0xbee3211ab312a8d065c4fef0247448e17a8da000,0
19622035,2024-04-06T04:43:51+00:00,0x3cbfb106929907739b63360c0524ebb5933b5e0b267ba7be7c27bf6cb6373690,0x935d2e470284fb536227a76a723f96a94efae6a9,0xdac17f958d2ee523a2206206994597c13d831ec7,0
19623306,2024-04-06T10:09:09+00:00,0xfb98c628823d20cc655807ec226a2276829f8ef8e79f6ee8dde03930ec6f8ede,0xdda3b51e29f9d6fad865c5dd7070d5f7eb57663e,0x8d8210a0252a706cb5de0c6f8e46b6d3692afc19,73264266163356
19624570,2024-04-06T15:34:26+00:00,0xbcaac890097c3ea9189182b427863ae3f261ba53b2edda8fb8ae7bf02502f496,0x888b8a29cbf8f83915ca31d627f337692463c268,0x1554aecec181f325c368d671a51c2cc98c7f821c,2660156414597
19625841,2024-04-06T20:59:43+00:00,0x3c6d94af0013afc029df805950e048e6170b0d445d772f8bce5b556bc63f91c9,0xac7b1b390becb677db28041c29ff86374afd861c,0xdac17f958d2ee523a2206206994597c13d831ec7,0
19627112,2024-04-07T02:25:01+00:00,0x8e0ff9611fa8a2f473232e05a57c094b1c8db2fb280139cb83b06bf3325008dc,0x1ab4973a48dc892cd9971ece8e01dcc7688f8f23,0xdac17f958d2ee523a2206206994597c13d831ec7,0
19628383,2024-04-07T07:50:18+00:00,0x030381193c8a537311ed6e4d0bc4bb8e6f2ac37026fe1b596db21ba37efb9a5c,0xfa176be60ee2227268030d245c4214599431d27f,0x875245bbf9a7de1bc0ac89698b3042dfdea4c50c,0
19629654,2024-04-07T13:15:35+00:00,0x0b29aefb911ad0ffe4ec1391b547d9845e2a16237a048f646c2fbe6141856570,0x80d04079ffc53eb14edbeeb37279d126f45552df,0x4b4c25a159220311a63fa9f58c71800875652892,0
19630925,2024-04-07T18:40:53+00:00,0x3380ff803741917c17e6fb8df59495415727daab476278dedaaf041c5f373294,0xf1088841ab08fc1cb3835fd75207bcb3137f6ee3,0xdac17f958d2ee523a2206206994597c13d831ec7,0
19632196,2024-04-08T00:06:10+00:00,0x0b6ceaa06df879f68ad35e375572fefad360175d2183a62e502c37a76d580bed,0x6fe39f2831caf58529779efdb73341aa64df50ab,0xdac17f958d2ee523a2206206994597c13d831ec7,0
19633460,2024-04-08T05:31:27+00:00,0x65e825eea5014c7f25515fb55ad35c86ccf9d32f46bc200b0b009e97df100b68,0x86a067030a9668c13ff2a8c4d5415afc776d4c63,0xd533a949740bb3306d119cc777fa900ba034cd52,0
19634731,2024-04-08T10:56:44+00:00,0x1f64ac359b3072472f28ec77df027f507a8c09f8c9815e97027ecd446cb4f7f3,0x0ffcaad7794acc19ccd1dd133dae9d500b00cd7f,0x73e0659bab4a8013c3c39193e8911abd7b688f6a,0
19636002,2024-04-08T16:22:02+00:00,0x82d65c6c4d03a0d65776e8b6ad0ca3fca4ddd5f549c1d8e323b5d453bfa723c6,0xbbd0d4d067d5af2065b1b6fd936d93237ae1c56c,0xa0b86991c6218b36c1d19d4a2e9eb0ce3606eb48,0
19637273,2024-04-08T21:28:19+00:00,0x65c38ec657a268ad7e1b5391e786a82903016a03982fefa422b1d076643eeb22,0x1616b057f8a89955d4a4f9fd9eb10289ac0e44a1,0xa974c709cfb4566686553a20790685a47aceaa33,0
19638544,2024-04-09T02:53:36+00:00,0x5d15e49cba187d82e7bf9dea809da373eb02a79dbc74ca169ffab11a2b6c42ff,0x2b00e1b3f75907c11834e5ac1bc5763bf93aef13,0x4d70851bc1c59a27af4a14342cb4ccc96c0ae563,0
19639815,2024-04-09T08:18:54+00:00,0x0b932147a8a17b7f0f080816bdb3e6db82a621ebffa3c0c87c872907429749cc,0xf13dd2200b94a5ff73933e0bab0c905651a39e43,0x7ea3cca10668b8346aec0bf1844a49e995527c8b,0
19641086,2024-04-09T13:44:11+00:00,0x268cb3cbce45545ff64018a9f1c2fa095df487a8130cdcdebe55c4bc0971be35,0x9030906abbd494152e0e004c790c7c65d735f972,0xdac17f958d2ee523a2206206994597c13d831ec7,0
19642350,2024-04-09T19:09:28+00:00,0xc3f0c00b8dc28fc91c4e904426803e44c5ef6a64c54ec1228ff085b5a3ebaea4,0xab3ddcd0ca90524e28ba6e62fcc5be4ec5711401,0xa0b86991c6218b36c1d19d4a2e9eb0ce3606eb48,0
19643621,2024-04-10T00:34:46+00:00,0xdaa8744183be0b28f87acf85f5ff2a8cfcdc7cfe492343dd6dc5e340ce7f9ad0,0xdf1553a2130cbafa70a35e68efc6ccf67f0a278c,0x0168a08e083f56c7cb244157a452307506ce04ec,283841850000000000
19644892,2024-04-10T06:00:03+00:00,0x23022488ce4302171fd77710c451be978d8e81bce91747181d6436c4cf31bedc,0xb21b7c28c5befc80d58b326600305cdd62a4a58a,0xdac17f958d2ee523a2206206994597c13d831ec7,0
19646163,2024-04-10T11:25:20+00:00,0xd70672ed6febdb76b6da0771f042a2aa244e66d1ef6dadd896416c05d9e516dc,0xcfc0f98f30742b6d880f90155d4ebb885e55ab33,0x9c9269dd2203a482635dcda0cf7e4e5361035953,76106580000000000
19647434,2024-04-10T16:50:38+00:00,0x6bf404fa5f1487143e76910f75fdcd825eb765d6708d70666277c44b2e47f44d,0x8aef39211bdafbce373917c389dc71614f749e90,0x06388414bfdd4d85ca5df29a7c26476ef18e0ba0,4100000000000000
19648705,2024-04-10T22:15:55+00:00,0x0706527ba8c69379ec23c87f5ce7edc9382fecff0832d651927211346aeba109,0x389aa657f2249d0225b337e338a84b01d0fb74eb,0xc9448ec3feb4da47b0353145f1e09030a4382c7a,293432000000000000
19649976,2024-04-11T03:41:12+00:00,0x6ed4d91de10ef03fcab3aef234549798cfe501a6f6c38a5bea30f51c415cb33a,0x016606acc6b0cfe537acc221e3bf1bb44b4049ee,0xbf189b2d708da2c7e91fb7aaae8f62bd2a34b627,110556262307375432
19651240,2024-04-11T09:06:29+00:00,0x94713445b051948da6654e761ef1ff2faf7963b43da6b9eb847a37e9a74e42e3,0x5757f8af3aba2f272f40d3e20446dc8b0f256584,0xcd50b4faa93a86b4a11ef1e31c228f6a1d7959af,54000000000000
19652511,2024-04-11T14:31:47+00:00,0xcf17d82ee43c6444a434108387445e79c0019da0180a46bde7c721cc2e36e53f,0x4e5b2e1dc63f6b91cb6cd759936495434c7e972f,0x26a75b807cda74e010a11fcc8e5984a3a2034592,2055025750000000000
19653782,2024-04-11T19:57:04+00:00,0x58136f4f910d35275a943c6b61e9d2799023a180bbd56d323c20e54123997433,0x75157197057c2fd19e019def91e84ad11af4e970,0xf3ca1a1caf28275d6ee51ac4e3ed0a29d0c4b1b6,39239346092829000
19655053,2024-04-12T01:22:21+00:00,0xd9124da9be85a608416880d27c13d91c564460ba7ce7261946d0d3c2eb55d289,0xc9397d794034f455c1b411115224d64cbc7d9bd0,0x77e5e6646bc91c954baa902851c60ff829768390,3774290000000000
19656324,2024-04-12T06:47:39+00:00,0x47b338db2fd73297c63811c9a1a34987d5794c9e065f6cbc382f75b9effeb6d5,0xa4918c9d047bb82e646286f7da07b70dd4edb0a2,0xa48e8b157c5d17c4b85f4c53af6f1d75130bb8de,8702225886664000
19657595,2024-04-12T12:12:56+00:00,0x6a56d7fbfdd522a83b52ccb6b823af9e46ac29dc9b516b759d0b2e353a857c00,0xfca9c6dfa2a575cb87384b7ca86c1bec63193ed3,0xc59f85ee0288870eef955841acacb63ecb2dcee8,30000000000
19658866,2024-04-12T17:38:13+00:00,0x2a9df5d22eff4daeadf5acd99ec857f817c96df9f661e8983546b24ad6610469,0x76c906793bbed48fdeec02f5d7c976c133daadbd,0x8c8ee39660c6d96217a2118557ab294ffe23fde4,400294514706174
19660130,2024-04-12T23:03:31+00:00,0x85bc219fe50d1bc95264200d6ee904283ab913a3fc708d239991b977c08ae9f9,0x5731bb39abf93c0ba3e8c3ee8170ad5e30095d6b,0xcbc6ec2db48b469b6bd93816701bc5089da78bf2,0
19661401,2024-04-13T04:09:48+00:00,0xa6385ef4681d7d19d205a3e082d1bb7d709775e8d6f2062873b1c9e6b9b77d84,0x9d50ee41a048fc421a50c33690d2acb0cde6e070,0xd15fe25ed0dba12fe05e7029c88b10c25e8880e3,0
19662672,2024-04-13T09:35:05+00:00,0x3632730c858d4ca3ff5920b922b25f06593567958272052e049f97ff40706d6f,0x8aa605bdc6835d6541312a35082091669ba68075,0x41dee1855293e4450cd67459047f372d4d818143,0
19663943,2024-04-13T15:00:23+00:00,0x4742117422b2d4d96cc9866b6a2c082697048b371b732eba2ca3a898eb8401c0,0x91e0a31e9893d2a4d0a256f94a0a855dbf0e81c5,0x91e0a31e9893d2a4d0a256f94a0a855dbf0e81c5,0
19665214,2024-04-13T20:25:40+00:00,0xb133fe9f6720a80e4565ea2ef71b8d549653213ac46cd6b21465d6607e442d51,0x91e0a31e9893d2a4d0a256f94a0a855dbf0e81c5,0x4a6be5e63f11e03a7a31b5dfbe4901b30b85e233,7216984060739157669
19666485,2024-04-14T01:50:57+00:00,0x00e2c75deef01bcd948f299238ff0cf858cba9d1ffee4c86b45b252bc061b3ad,0x7237922f1796c72647cf2095646a50acfa470ae9,0x81d40f21f12a8f0e3252bccb954d722d4c464b64,0
19667756,2024-04-14T07:16:14+00:00,0xcfbaa519b532433f12db531a6a48471386bf316f9c605c97f99d78dd63c10e31,0x05ff6964d21e5dae3b1010d5ae0465b3c450f381,0x2744dfd9898f0babbc570cc594bbbc84b487a22b,0
19669020,2024-04-14T12:41:32+00:00,0x51f1cdea9f94a19e72f2bce04ef9ea5312404ef48f0530540cd5a12cd48a9c38,0x754dcfb2861547015b221e963b4133a71dbdc024,0x3e07be15370d8b12d80a159a7ef14b9e51869497,0
19670291,2024-04-14T18:06:49+00:00,0x2102dbf20ffb8cbca0d1622f7f81e1a640228935f8a85383ad2a50ccedcecb97,0xe98d8879018cdbff25fc435fffe884f5dcb85e84,0x51c72848c68a965f66fa7a88855f9f7784502a7f,0
19671562,2024-04-14T23:32:06+00:00,0x81f9cdc972696381323c9f63b017979892a786209d9ed929a13a4db2ef381644,0xdf49640412a9c20e0c682a32d5634e8329b01ce0,0x51c72848c68a965f66fa7a88855f9f7784502a7f,0
19672833,2024-04-15T04:57:24+00:00,0x82eba32ac7b7f21a9c2043c0c6e4fad632320eac57131293e7b9a17383b9373a,0x91c78270162aa4c894a207538f8e2f7b4e39e48c,0xd37bbe5744d730a1d98d8dc97c42f0ca46ad7146,0
19674104,2024-04-15T10:22:41+00:00,0xb9c4e3fecd075c67d4b37602504ce29b6f92871eeb4bd20b550cd14cdbf7cd55,0x10392ff6fa5dc86e78501515e59f01dd41f64dbc,0xd37bbe5744d730a1d98d8dc97c42f0ca46ad7146,0
19675375,2024-04-15T15:47:58+00:00,0x8b9793fcfc80902a407d7caa30f4f53418bc01bf3f7b7d6e33157bb47a691272,0x092a3a268e0f9ff28c056ce2a2c87186e688b313,0xa0b86991c6218b36c1d19d4a2e9eb0ce3606eb48,0
19676646,2024-04-15T21:13:16+00:00,0xe506295806391b705638169f28a17aa79099121a390890ebd26ed304a458236f,0x0843e0e061c8da4477c7f18ae38a84973d319216,0xa0b86991c6218b36c1d19d4a2e9eb0ce3606eb48,0
19677910,2024-04-16T02:38:33+00:00,0x52c84aca258b26542102054714b1b69a57396592906d17027dd7a5dea2d19512,0x506f2251525e91bc9eb705324900ad0d1d847aa5,0xa0b86991c6218b36c1d19d4a2e9eb0ce3606eb48,0
19679181,2024-04-16T08:03:50+00:00,0x7c2d5c07a10ed1981f5b8f1605ac4f17da59e7828bc155640f16774284a6c4ca,0xd56ab3b83330890454379c042069321e4b51f991,0xdac17f958d2ee523a2206206994597c13d831ec7,0
19680452,2024-04-16T13:29:08+00:00,0xa24a9b5e7486dc307b39ee7383fccb481a0b9aa050cb7a58f457c539e6003a70,0x9202f8670558b34bfa176919a3ab596a6ec0d8e9,0xdac17f958d2ee523a2206206994597c13d831ec7,0
19681723,2024-04-16T18:54:25+00:00,0x55a63bf3ad0d3be598a3884816fc2665629a0d16f6909733dbfcd6437840deb1,0x681878dc5abaa70d182b3e1c4d6a3fd1e16922c0,0x681878dc5abaa70d182b3e1c4d6a3fd1e16922c0,1241
19682994,2024-04-17T00:19:42+00:00,0xd780e3ebf5612407d2e5793d227a27ea979e60e8afb032d9ae76def1b9f14b39,0xf8fa524a5c4c8eb0140bf570101dbf9eb517d81e,0x37996e762fa8b671869740c79eb33f625b3bf92a,0
19684265,2024-04-17T05:44:59+00:00,0xcfe58a1f26bc4a30f3e4b60fadc2fd55375364e60ab581f953e4eb8a44d3e0cf,0xaa8ba7d4611437141192e7ceced531bc0a133efb,0xdac17f958d2ee523a2206206994597c13d831ec7,0
19685536,2024-04-17T10:51:17+00:00,0x3942d91a8ba2ffb88ee0bb4a01d605b3a9c8cd6cda7a41c7792851d4dabe3d7a,0x9846ccad919446c1cce8a1aabfe0a88443c4d3fb,0x72298bd3ed75e0aa289ad61c6390596d60ffdcef,0
19686800,2024-04-17T16:16:34+00:00,0xd2ebc9ce39f1bf52647a971ca7ff1c2d2efdeca55baa011a570e4fcabf3fcefb,0xd77895ace83943f1b20bc74b0034bb16e71323aa,0x249ca82617ec3dfb2589c4c17ab7ec9765350a18,0
19688071,2024-04-17T21:41:51+00:00,0xbf69f5be41d2ab3571f36fac96070e47385d47ba5d20aa25e9c404245e6516f9,0x4076540721e2988a9f57a3dcb0141d617e4e0b93,0x1295f63fc70e239353fcbdb863737ea316f073d1,0
19689342,2024-04-18T03:07:09+00:00,0xc38d69b7c8b8501848bd15f3a30370c69b3d2cf3cfdc1a30a8f8d51f8ef64377,0x466ba3edd0783b0e0e675b50e7e59396b0433064,0xa0b86991c6218b36c1d19d4a2e9eb0ce3606eb48,0
19690613,2024-04-18T08:32:26+00:00,0x028fd811b39cde4f5e2efee82db7b2d7c89595524f91985d74157f1838f5bea1,0x466ba3edd0783b0e0e675b50e7e59396b0433064,0xa0b86991c6218b36c1d19d4a2e9eb0ce3606eb48,0
19691884,2024-04-18T13:57:43+00:00,0xd4af2500263c7159ce131754e6179b55f79a1d8b8a4bbe5513a9c56d9bfa745b,0x6972b9ce5c35aa57da242059299458fbe5de8686,0xb300000b72deaeb607a12d5f54773d1c19c7028d,19000000000000000
19693155,2024-04-18T19:23:01+00:00,0x2970ec53faa70d5bd7a900817908905fa9312472b3b0c7267dfa0040f9ac8484,0xf70da97812cb96acdf810712aa562db8dfa3dbef,0xccc88a9d1b4ed6b0eaba998850414b24f1c315be,0
19694426,2024-04-19T00:48:18+00:00,0x477d2aa4c25c219e40261d20f1a93578b4724ede5265ef52e5336d86a0659515,0xf70da97812cb96acdf810712aa562db8dfa3dbef,0x83dde5c313c5293fa47721757512a307f4d39e9d,10046494981574472252
19695690,2024-04-19T06:13:35+00:00,0xe435fd1e705e49484af6ca3ab7e85694e34be7d635e960a06fcf5fda88dcec37,0x09a4687c69385be0c5df2de90f01f4dfc3540aea,0xb300000b72deaeb607a12d5f54773d1c19c7028d,0
19696961,2024-04-19T11:38:53+00:00,0xf5be3d4e4f2bbdbe1ec726065c5097630a742144939864d59e03e066dd58d05f,0x51cc1d9d65cdb7c8a64df748a062d50b9e0c9311,0x1921e0ff550c09066edd4df05d304151c45e77de,0
19698232,2024-04-19T17:04:10+00:00,0x358a95bfeb21e21a99257f3e3c102aaba95d18ad0fea280d97cf89cca473eecc,0x337c19c28ecf67a41986337988eb65b8a147ca05,0xa839fbe7efb559305150e5850ad3bb2e36aae7b2,0
19699503,2024-04-19T22:29:27+00:00,0x7aef3a1e682bd7beef4361faeb189eceb52678d0ffb4f6f8ad375e79279efa7a,0xa9ac43f5b5e38155a288d1a01d2cbc4478e14573,0xd8d74010c3a2c3801dd51f9bf707033a7e233242,1200000000000000
19700774,2024-04-20T03:54:44+00:00,0x9c869dc57a0ed495e4e42c167b8228fd14ed11625671c4fa14219ba16836cb35,0xa9ac43f5b5e38155a288d1a01d2cbc4478e14573,0x51db72d1ab8af434af192b5e4aba54a38a8cf9c3,1624670000000000
19702045,2024-04-20T09:20:02+00:00,0x84d95aca0882e48c7730d45ad73d75aef2d993bcdc9fc0f1adc19e7030d7aae4,0xa9ac43f5b5e38155a288d1a01d2cbc4478e14573,0x8e85c8d6f5118084c0811010f55fbacc87217e2b,28750850000000000
19703316,2024-04-20T14:45:19+00:00,0x16c5342517b87f5f6bd8b7ce5fa1474748f87bfb938f8129507444c1ba7f21c5,0xa9ac43f5b5e38155a288d1a01d2cbc4478e14573,0x73d5ce832efff6c4afb1cf8c269be18a0733a9ef,4000000000000000
19704580,2024-04-20T20:10:36+00:00,0x7010be6442995054c7473693ba91496ec63b6a1d215cf33465548dba61c5c021,0xa9ac43f5b5e38155a288d1a01d2cbc4478e14573,0x3eeda2519f39e54c1b4631325cf0f9adde69622a,1200000000000000
19705851,2024-04-21T01:35:54+00:00,0xb1285bef1248567ec4918a854004ba00556f04d2b7cc0f6946745f91ec0e2e5d,0xf8fa524a5c4c8eb0140bf570101dbf9eb517d81e,0x286c77234423d8ad440fad66181018af94383f6e,0
19707122,2024-04-21T07:01:11+00:00,0x9b2755af87593ba086e20088e5d21697d6548c1333fd41b8c8ee8599486e0ec3,0x64cdaa89629fe003eaa31b480d8b63372d109a53,0xdac17f958d2ee523a2206206994597c13d831ec7,0
19708393,2024-04-21T12:26:28+00:00,0x9228da2578e754821ba7e9a8d1112d62f2bdd0876b96d68f668093dd196ebf45,0xf6e2c717b1e5a9ddb129dfa59976b509d434099e,0xf34ab79882b5cc9e8bb80e4e62a98a73450cf8b9,1273285684738673
19709664,2024-04-21T17:32:46+00:00,0xca9e13d4768bd03f3b31733a1e349bb921744d3877c3a07b8619e6f640dcbb6a,0xf9acf9fbd4c3233561b8cefcfcd34d31451f2e35,0xccc88a9d1b4ed6b0eaba998850414b24f1c315be,0
19710935,2024-04-21T22:58:03+00:00,0x186428672b29a33394f765596238a7c74930c480c0d0631be12229f4f96eb266,0x4337011463ef6bd863e47e7b5e743d2522261131,0x0000000071727de22e5e9d8baf0edac6f37da032,0
19712206,2024-04-22T04:23:20+00:00,0x23cd46fec949574cb25bc4534027aec10426e0795f6baf31dcd3bcd4195b7029,0x57f4890dcb98be9039460a339c2ebf3216b0204e,0xa0b86991c6218b36c1d19d4a2e9eb0ce3606eb48,0
19713470,2024-04-22T09:48:38+00:00,0x2a49e67b5af5c5b1a074d87694200a26715c60c66d407fb914789a24d79be483,0x3eb5ba7f608609cdc9375c8f8f93861af0b69b1b,0x33b41fe18d3a39046ad672f8a0c8c415454f629c,0
19714741,2024-04-22T15:13:55+00:00,0xe3fb44c4cadcf2c5fc1c27dff45863ba65b0d96169b65498b1e7c015b0c4bd17,0x6d63bf948a8e76e69a441307cfe3daa5986b54f4,0x6d63bf948a8e76e69a441307cfe3daa5986b54f4,0
19716012,2024-04-22T20:39:12+00:00,0x74b20ec65e68c3ca1f60f7a537ef6cb168998915fbd3585bf97664bc9bf78d54,0xa5a5491bca93dd4c076e4906e79e7673f4a5a142,0x17a4b71e3c41a4609a156fd9e5db59201f9bca55,159143529439052
19717283,2024-04-23T02:04:29+00:00,0x44f8903731d35ab0a3f2fb9c58fb0aa8900586b386fd5b86e7ddf84940535ed4,0xa5a5491bca93dd4c076e4906e79e7673f4a5a142,0xca11bde05977b3631167028862be2a173976ca11,0
19718554,2024-04-23T07:29:47+00:00,0xf728386c2dce05c899697ee578c61a687e1da15b5e3bd28522baa01f467b16cd,0x04973034cf00e27952c745a1e2c35bb81ce8838c,0xdac17f958d2ee523a2206206994597c13d831ec7,0
19719825,2024-04-23T12:55:04+00:00,0x9bd5cd4be492929dd0f87626d6e27880a8fcb88feba4b4cd1422e8641e730757,0x04973034cf00e27952c745a1e2c35bb81ce8838c,0xdac17f958d2ee523a2206206994597c13d831ec7,0
19721096,2024-04-23T18:20:21+00:00,0xa6a029ee027b544170c31433f084934e3839eb68b57dd573b86145264aad1e9b,0x04973034cf00e27952c745a1e2c35bb81ce8838c,0x337685fdab40d39bd02028545a4ffa7d287cc3e2,0
19722360,2024-04-23T23:45:39+00:00,0xd98bb1df396c89b75d762052d5c8bcff21ad460f12c451640daa54564016e145,0x4337015333e7c8a3c5af4acd2c4aa4befb0d663c,0x0000000071727de22e5e9d8baf0edac6f37da032,0
19723631,2024-04-24T05:10:56+00:00,0xff4de4c99971a3aa98cd66e86061d5a45ab2d0e5ed4323f8e5fd0e5f9c8685d8,0xb62b97fa3f499dfd858e9b826fb26e6456e0b180,0x0067431dec3841e994040d1684a0d2b8356c7ec7,0
19724902,2024-04-24T10:36:13+00:00,0x53fa54c35800ae89e5748393d9041c20af03607b621b3082235a894ade4222e2,0x43370108f30ee5ed54a9565f37af3be8502903f5,0x0000000071727de22e5e9d8baf0edac6f37da032,0
19726173,2024-04-24T16:01:31+00:00,0x81adcc32bd84d55972ad781f14ea541fcb4760cace54de93b8b189809591215e,0xd0a7d6c7bebee94fcdaf9e35b3a14ec24000e60b,0x8feab81d36e7576107d5de0758c1b839be31b4f6,919026220000000
19727444,2024-04-24T21:26:48+00:00,0x3f1bd2f2da127b5f7b348e35af2e5f0f77d03530ca9ac376b89096846e963224,0xada5bb90d0de0bd1b6f3938708f49295a8d1f7cb,0xa0b86991c6218b36c1d19d4a2e9eb0ce3606eb48,0
19728715,2024-04-25T02:52:05+00:00,0xe689dec1b52af0f27f0509e2e6d8d5af16497e5801bfc4c13ffadd63c3ae1bc6,0x0fae06bbec8a8ff70d1a829b7869c8b5bcc7ad45,0xdac17f958d2ee523a2206206994597c13d831ec7,0
19729986,2024-04-25T08:17:23+00:00,0x76b95dba8fbd2fee5fb58b5783232c24d9894a8a03abd3e5b6ad952972fb3e61,0x0e85185ca186d187ecd18e09d26ed1142277fc15,0xdac17f958d2ee523a2206206994597c13d831ec7,0
19731250,2024-04-25T13:42:40+00:00,0xeb5098ec3710a9391b5dd5221494006f174d3323a6c23490108e4156300e0a2a,0xeae7380dd4cef6fbd1144f49e4d1e6964258a4f4,0xa0b86991c6218b36c1d19d4a2e9eb0ce3606eb48,0
19732521,2024-04-25T19:07:57+00:00,0x7f0092829dcdc5fc5e27c5848a4fdf451a9b65372ad00af8f17173909ac13ef1,0x3d2857b05deb0f5010a9a514db92be41dac29610,0xa0b86991c6218b36c1d19d4a2e9eb0ce3606eb48,0
19733792,2024-04-26T00:14:14+00:00,0x05aff3f1bde2cf99874a497fc44c41912b102b77eb1b1c12cc21e90dfb03481c,0x842d2049c036b75b78c422bc6f9d108f134211d1,0xdac17f958d2ee523a2206206994597c13d831ec7,0
19735063,2024-04-26T05:39:32+00:00,0xf4615f32c42d1e51afb05e5cb3a1e2e018d708fa5d34633dd7cadc8cc21ff6d3,0x3c4689f0b9316dcf714975eb9fec44776427ff86,0xdac17f958d2ee523a2206206994597c13d831ec7,0
19736334,2024-04-26T11:04:49+00:00,0x1d45f11047f1230e7e4567753ffb7339e8654271b2d9f16e6b42a50890c6487e,0xf34efe1f34bcda2b5031b3456ce5c0006e78e108,0xdac17f958d2ee523a2206206994597c13d831ec7,0
19737605,2024-04-26T16:30:06+00:00,0x88e1496ebba312ded4192a16858d24a68ec5af0be816f089389eb758aefe39fb,0xf6a7ee4d5cefc25c2f97a774d282480caa38e2ea,0xdac17f958d2ee523a2206206994597c13d831ec7,0
19738876,2024-04-26T21:55:24+00:00,0x2cc4b61ec4d22f50515724354d6a7b2c11b4c6f9d6b017233b348c8a60eeec16,0x3f355cf271dff613bfba63b8bf5bf807ee9eda4c,0xdac17f958d2ee523a2206206994597c13d831ec7,0
19740140,2024-04-27T03:20:41+00:00,0x78881ac164d59151840bc8b7ea688f1cd0263eb4fefa6fc3e3393e03d54ccdd3,0xdefd3a10811eb1828c43107dba176ba5371f4f30,0xdac17f958d2ee523a2206206994597c13d831ec7,0
19741411,2024-04-27T08:45:58+00:00,0x4024c90c8abd54b12c4070daa0fd0dd1416129b761c88e2827176bd18394879d,0xe2c6487fd6b4460f116569ee3bebf0ece82bdf27,0xdac17f958d2ee523a2206206994597c13d831ec7,0
19742682,2024-04-27T14:11:16+00:00,0x5bbd475b51aa552fa7a63b64de6ec4dd5bedd05510bb80b997e9d33f1128bcd4,0x3c53dc26c6ea6f1f4350eb93f21e209bc7712a59,0xdac17f958d2ee523a2206206994597c13d831ec7,0
19743953,2024-04-27T19:36:33+00:00,0x6c254289fcb239a1cf45b56b2ebc8a6276322a75ee6716276e0b62f9e13744b3,0xc565b3db8527fe7f7f89b630886ec348ae1eb994,0xdac17f958d2ee523a2206206994597c13d831ec7,0
19745224,2024-04-28T01:01:50+00:00,0x21323faae99310c17d2e87b44880d92a325acf99cedf4825c990b3bf4f32b808,0x3c7201f61c491ae4772138fe150008d546c450d9,0xdac17f958d2ee523a2206206994597c13d831ec7,0
19746495,2024-04-28T06:27:08+00:00,0x23759d2164b5d91a8d923c90b10b19d0cd77a5bb80b119e6de2ffd3fbf843870,0xc91d57b9e1e104aca04f60eab1f310e65006f35c,0xdac17f958d2ee523a2206206994597c13d831ec7,0
19747766,2024-04-28T11:52:25+00:00,0x3991662a0097cbd4b5b4e1a527502083916ba3ee6c8e311a11bc86ea3f30427d,0x88bbcaeeaf0dca4ad50e8aab9387cd78c60be758,0xdac17f958d2ee523a2206206994597c13d831ec7,0
19749030,2024-04-28T17:17:42+00:00,0x1e65139731e8844d8b4e1ef6ce4ba9b91276e33cd250954bf2863e0c64a63a11,0x4838b106fce9647bdf1e7877bf73ce8b0bad5f97,0xfeeeeee44046c3f61a8cc081e0918ef0de0a7ffc,22254303393799596
